<?xml version="1.0" encoding="UTF-8"?>
<!--
    file                 : leftlanekeeper.xml
    created              : tis 27 feb 2018 08:54:58 CET
    copyright            : (C) 2002 Zijian
-->

<!--    This program is free software; you can redistribute it and/or modify  -->
<!--    it under the terms of the GNU General Public License as published by  -->
<!--    the Free Software Foundation; either version 2 of the License, or     -->
<!--    (at your option) any later version.                                   -->

<!DOCTYPE params SYSTEM "../../libs/tgf/params.dtd">
<params name="leftlanekeeper" type="robotdef">
  <section name="Robots">
    <section name="index">
      <section name="0">
	<attstr name="name" val="leftlanekeeper 1"></attstr>
	<attstr name="desc" val=""></attstr>
	<attstr name="team" val=""></attstr>
	<attstr name="author" val="Zijian"></attstr>
  <attstr name="car name" val="cg-nascar-rwd"></attstr>
  <attstr name="category" val="Nascar"></attstr>
	<attnum name="race number" val="0"></attnum>
	<attnum name="red" val="1.0"></attnum>
	<attnum name="green" val="1.0"></attnum>
	<attnum name="blue" val="1.0"></attnum>
      </section>
    </section>
  </section>
</params>
