<?xml version="1.0" encoding="UTF-8"?>
<!--
    file                 : light.xml
    created              : fre 23 feb 2018 11:08:47 CET
    copyright            : (C) 2002 Zijian
-->

<!--    This program is free software; you can redistribute it and/or modify  -->
<!--    it under the terms of the GNU General Public License as published by  -->
<!--    the Free Software Foundation; either version 2 of the License, or     -->
<!--    (at your option) any later version.                                   -->

<!DOCTYPE params SYSTEM "../../libs/tgf/params.dtd">
<params name="light" type="robotdef">
  <section name="Robots">
    <section name="index">
      <section name="0">
        <attstr name="name" val="light 1"></attstr>
        <attstr name="desc" val=""></attstr>
        <attstr name="team" val="zijian"></attstr>
        <attstr name="author" val="Zijian"></attstr>
        <attstr name="car name" val="cg-nascar-rwd"></attstr>
        <attstr name="category" val="Nascar"></attstr>
        <attnum name="race number" val="0"></attnum>
        <attnum name="red" val="1.0"></attnum>
        <attnum name="green" val="1.0"></attnum>
        <attnum name="blue" val="1.0"></attnum>
      </section>

      <section name="1">
      	<attstr name="name" val="light 2"></attstr>
      	<attstr name="desc" val=""></attstr>
      	<attstr name="team" val="zijian"></attstr>
      	<attstr name="author" val="Zijian"></attstr>
        <attstr name="car name" val="car7-trb1"></attstr>
      	<attstr name="category" val="Track-RWD-GrA"></attstr>
      	<attnum name="race number" val="1"></attnum>
      	<attnum name="red" val="1.0"></attnum>
      	<attnum name="green" val="1.0"></attnum>
      	<attnum name="blue" val="1.0"></attnum>
      </section>



    </section>
  </section>
</params>
